email,password
loadtest-t1-normal-20260811-001@loadtest.invalid,wFCzFGPDSGqm9bRxSoP7DF
loadtest-t1-normal-20260811-002@loadtest.invalid,30ifLEyf5yFjhc6cW6Y28S
loadtest-t1-normal-20260811-003@loadtest.invalid,Qgmkn8fe3u5S2ozmzf0ha4
loadtest-t1-normal-20260811-004@loadtest.invalid,pvMoEgvzIusrhiQdD98KXj
loadtest-t1-normal-20260811-005@loadtest.invalid,nEaEHhyTm7IDFzjiOqKs8F
loadtest-t1-normal-20260811-006@loadtest.invalid,xtjdVW2kJaSSCn76xIGqAo
loadtest-t1-normal-20260811-007@loadtest.invalid,JJVrWFgB9pyOeRWNQLJUn4
loadtest-t1-normal-20260811-008@loadtest.invalid,T6NGfXbGHRHhFmTO1tou10
loadtest-t1-normal-20260811-009@loadtest.invalid,hRMdov0cy3UHAmyrFWnyHx
loadtest-t1-normal-20260811-010@loadtest.invalid,kuKvLYqi1VKhvne8u2Y0A8
loadtest-t1-normal-20260811-011@loadtest.invalid,rDxdcFJ6uzddCYfl7K9jSx
loadtest-t1-normal-20260811-012@loadtest.invalid,6XfUGM1fTKCkji5lc0di5c
loadtest-t1-normal-20260811-013@loadtest.invalid,wZNCj0gf2wZ4QBTQaNXXlH
loadtest-t1-normal-20260811-014@loadtest.invalid,mqtgCNfaQI0H7F4mqaILUh
loadtest-t1-normal-20260811-015@loadtest.invalid,0KeTi4Wd9gjoHuI4bxzENz
loadtest-t1-normal-20260811-016@loadtest.invalid,IJiGhJ1kLC0KzHVIyc19AJ
loadtest-t1-normal-20260811-017@loadtest.invalid,1621EYsOIfiYB7oFTiiSQq
loadtest-t1-normal-20260811-018@loadtest.invalid,vXBVaIuASGSIg5yonFCoyn
loadtest-t1-normal-20260811-019@loadtest.invalid,QZQfU4FE4XVa5UU5Rkjb8N
loadtest-t1-normal-20260811-020@loadtest.invalid,9PWivSlyGp9kRONscDXUtZ
loadtest-t1-normal-20260811-021@loadtest.invalid,8rZGfrITz6mNzwZ0gU9x3C
loadtest-t1-normal-20260811-022@loadtest.invalid,DwBJVXgzKzIEBQ0IEENFM2
loadtest-t1-normal-20260811-023@loadtest.invalid,MHY6ySPmg8yuiTF9FJA95s
loadtest-t1-normal-20260811-024@loadtest.invalid,ZFakCTfh0uukp5yyFTuYOT
loadtest-t1-normal-20260811-025@loadtest.invalid,2GFmg9TT7rRlwPqHQPqgCj
loadtest-t1-normal-20260811-026@loadtest.invalid,Zj7TqxkPVZUq2nfUEqMJCS
loadtest-t1-normal-20260811-027@loadtest.invalid,CSG31Yq9oP45TvBqbg9qh9
loadtest-t1-normal-20260811-028@loadtest.invalid,7sYGlsZ286tm6uvHKRShFM
loadtest-t1-normal-20260811-029@loadtest.invalid,gj4XtYitpTNDn6rXDbirCp
loadtest-t1-normal-20260811-030@loadtest.invalid,YtriNfGwLtkhuVKUG7OUVO
loadtest-t1-normal-20260811-031@loadtest.invalid,ll7g3XbkULglPQjb9Q920Z
loadtest-t1-normal-20260811-032@loadtest.invalid,M2EInb5ifZPFw7ewQku9YM
loadtest-t1-normal-20260811-033@loadtest.invalid,s2HVjCWEiGZGGYLvbYzhjz
loadtest-t1-normal-20260811-034@loadtest.invalid,5CxxKgWsxhcDLaDeUiYytA
loadtest-t1-normal-20260811-035@loadtest.invalid,vVAWcUEwANxqoitgbuQdzy
loadtest-t1-normal-20260811-036@loadtest.invalid,bPtUGd2hTOsmZFAgTxZF1C
loadtest-t1-normal-20260811-037@loadtest.invalid,5vAtq1rTsEPyA9QKFuSGes
loadtest-t1-normal-20260811-038@loadtest.invalid,sDzoAa80pWGCAL6OwoTkag
loadtest-t1-normal-20260811-039@loadtest.invalid,r6Ve8mTaEMP0OivmVCdRtY
loadtest-t1-normal-20260811-040@loadtest.invalid,X6Y31J3VGVAWc7YtlTqn6I
loadtest-t1-normal-20260811-041@loadtest.invalid,6JOqKbBLZnmMlwuZZyJjqG
loadtest-t1-normal-20260811-042@loadtest.invalid,lqQRGd1bomykwrvRuqA0V9
loadtest-t1-normal-20260811-043@loadtest.invalid,csECIwjIclLx3ACBmwU5m7
loadtest-t1-normal-20260811-044@loadtest.invalid,QtRgHVhQH8Z6M9hMRhxcmr
loadtest-t1-normal-20260811-045@loadtest.invalid,aVS1BlKILAc1GpanOcQ8Km
loadtest-t1-normal-20260811-046@loadtest.invalid,PfD6p2O7D0ZTVWMHTracA7
loadtest-t1-normal-20260811-047@loadtest.invalid,UJWeTIAPdBSa1EBgQdHYli
loadtest-t1-normal-20260811-048@loadtest.invalid,ZiRROTrKAhzNKt3GO367tv
loadtest-t1-normal-20260811-049@loadtest.invalid,GIQUZbm434HjIBL5OpBLUF
loadtest-t1-normal-20260811-050@loadtest.invalid,xOMDaf1NJhSen4zyGTUloD
loadtest-t1-normal-20260811-051@loadtest.invalid,RtGjqZzui94L2ZL1tPL33E
loadtest-t1-normal-20260811-052@loadtest.invalid,BA0aERfnJIaIUS271HvSkn
loadtest-t1-normal-20260811-053@loadtest.invalid,16sc1RyAN6Qb0OFHx4sLVc
loadtest-t1-normal-20260811-054@loadtest.invalid,hzK3ZOqX9oIRM6H30EaciU
loadtest-t1-normal-20260811-055@loadtest.invalid,Yi0gsPIRBBUPKUIrW5HYTA
loadtest-t1-normal-20260811-056@loadtest.invalid,CDvLi1ITEGo712Jq9epbOC
loadtest-t1-normal-20260811-057@loadtest.invalid,O9iNbGNxB6U0lCyye5V3Z0
loadtest-t1-normal-20260811-058@loadtest.invalid,4rDpKKuji96QOb5FqzM7v3
loadtest-t1-normal-20260811-059@loadtest.invalid,GPrAaOJglizuiISwuqcRGk
loadtest-t1-normal-20260811-060@loadtest.invalid,mS8OGbCgWsG5q1uk3aZhPT
loadtest-t1-normal-20260811-061@loadtest.invalid,g72116K9OxDIeozfcb8U7m
loadtest-t1-normal-20260811-062@loadtest.invalid,CLSEfN1kWcwuT35HrZ5cGG
loadtest-t1-normal-20260811-063@loadtest.invalid,v0We9ifh5Eyx6zn2pWBNf0
loadtest-t1-normal-20260811-064@loadtest.invalid,nNMjUsCDQlEK3ZPZdDXATK
loadtest-t1-normal-20260811-065@loadtest.invalid,F1EKdhgGnVjP6QOJLEyKj2
loadtest-t1-normal-20260811-066@loadtest.invalid,FmBFdEY1VnML5inrkvzdEZ
loadtest-t1-normal-20260811-067@loadtest.invalid,3Hr74f37TA5atUIM4brad2
loadtest-t1-normal-20260811-068@loadtest.invalid,i12IeMyQQJYLeXSvi49r29
loadtest-t1-normal-20260811-069@loadtest.invalid,hO81jiS9cjnangPjjbnTZB
loadtest-t1-normal-20260811-070@loadtest.invalid,MQ04tCqvGQ8QzGanprEZsu
loadtest-t1-normal-20260811-071@loadtest.invalid,5Q40cnjkWqjDWbEvkTMWEo
loadtest-t1-normal-20260811-072@loadtest.invalid,kW457rAfjPZLMcrmsyvk4i
loadtest-t1-normal-20260811-073@loadtest.invalid,HOs7MPVVvpMqBEZkqZa0V7
loadtest-t1-normal-20260811-074@loadtest.invalid,WjoHnY7TFwdG1vbPKIGwYr
loadtest-t1-normal-20260811-075@loadtest.invalid,k21e7svTtxY3JnnWplEqX5
loadtest-t1-normal-20260811-076@loadtest.invalid,8a2jwd3UcHpObViJLytawY
loadtest-t1-normal-20260811-077@loadtest.invalid,bAKJfnfiDFXnzBqkFjxi9z
loadtest-t1-normal-20260811-078@loadtest.invalid,WTZp7Zx5giyWT2BBdpVOEc
loadtest-t1-normal-20260811-079@loadtest.invalid,MPtzpL1ZLyGVOqScJGw5ze
loadtest-t1-normal-20260811-080@loadtest.invalid,KdQV2z4BRgooWkjP1UEw93
loadtest-t1-normal-20260811-081@loadtest.invalid,7YNp3VikGqT57B8OzUuBUh
loadtest-t1-normal-20260811-082@loadtest.invalid,6PNU9jYiwmtfOqx1R1aELO
loadtest-t1-normal-20260811-083@loadtest.invalid,gdUnhs3hBRoL6Sn8wGgznl
loadtest-t1-normal-20260811-084@loadtest.invalid,uZLjVEmq7BGCw8V80LtivJ
loadtest-t1-normal-20260811-085@loadtest.invalid,mDy4qvNLa0fodjh8ibf0sa
loadtest-t1-normal-20260811-086@loadtest.invalid,7Bs8zcL1fLMRrNtwJJQlCp
loadtest-t1-normal-20260811-087@loadtest.invalid,jY0jWPd04aIYtXcEVBwQbo
loadtest-t1-normal-20260811-088@loadtest.invalid,bm6IMSiCDZScgpGT686QSc
loadtest-t1-normal-20260811-089@loadtest.invalid,H1UbxKJRj3KFlAwbuLxbOO
loadtest-t1-normal-20260811-090@loadtest.invalid,3QR3v0rl6eRvPyrs3m3o3N
loadtest-t1-normal-20260811-091@loadtest.invalid,FWmaereyZk3h7l2b93DN7V
loadtest-t1-normal-20260811-092@loadtest.invalid,lRKkEpWSDJyS1WdPySj3h5
loadtest-t1-normal-20260811-093@loadtest.invalid,tiqM39oIV8dDB2sY93qayU
loadtest-t1-normal-20260811-094@loadtest.invalid,HCRrwDmRPEPNmw7Ph2VSjs
loadtest-t1-normal-20260811-095@loadtest.invalid,HekSkYZ8edqGCbquHbkgS9
loadtest-t1-normal-20260811-096@loadtest.invalid,eWU2t9cQKP1DMOmK4xnDag
loadtest-t1-normal-20260811-097@loadtest.invalid,XSoIyDiEGAVLf27vP0P1FT
loadtest-t1-normal-20260811-098@loadtest.invalid,ccBQDtG3Tepzts0ewNeI2F
loadtest-t1-normal-20260811-099@loadtest.invalid,O6Yzk8tQxOMQWP6c7cW8RW
loadtest-t1-normal-20260811-100@loadtest.invalid,WxorMsr9vtkdjOPnkYfGH8
loadtest-t1-normal-20260811-101@loadtest.invalid,x2yJOXaEQa3MFAzlgHkCPS
loadtest-t1-normal-20260811-102@loadtest.invalid,BZkHBpShTbNSEDQtQZVEPY
loadtest-t1-normal-20260811-103@loadtest.invalid,DcerHAkWajdf6uf6mY1p2Y
loadtest-t1-normal-20260811-104@loadtest.invalid,fMgwdHh2KR6bRylDOFIPNf
loadtest-t1-normal-20260811-105@loadtest.invalid,3J2ec8lKlSLGmwGLK4NQEX
loadtest-t1-normal-20260811-106@loadtest.invalid,OlXUQYHUIRs8AJXTkkMqmU
loadtest-t1-normal-20260811-107@loadtest.invalid,Rwy8URDHU23BroO8oY1XV2
loadtest-t1-normal-20260811-108@loadtest.invalid,X99bpl0xEAtWCRkWkyxURn
loadtest-t1-normal-20260811-109@loadtest.invalid,tHVoSKf8XGt7OVnAEqgAU8
loadtest-t1-normal-20260811-110@loadtest.invalid,Ky7xXj7Ol7TbgwKaoLxDGk
loadtest-t1-normal-20260811-111@loadtest.invalid,pY8tqfrGn5oofSJhEMjJYY
loadtest-t1-normal-20260811-112@loadtest.invalid,3sta4S0I6vUF12nbE1WLQI
loadtest-t1-normal-20260811-113@loadtest.invalid,0Sl5FMgED0K4utoSLxvy7q
loadtest-t1-normal-20260811-114@loadtest.invalid,DUyLNwIr7Os59RWufschxt
loadtest-t1-normal-20260811-115@loadtest.invalid,639sQBJ5C4G4POLhGJ89Ua
loadtest-t1-normal-20260811-116@loadtest.invalid,Al5SZF1PvgFP7JdFJLkEAd
loadtest-t1-normal-20260811-117@loadtest.invalid,6usVpWfICdkIVRQwF96sxr
loadtest-t1-normal-20260811-118@loadtest.invalid,HoASmlwK2kApS7XbrpKE8g
loadtest-t1-normal-20260811-119@loadtest.invalid,8Z9z8d3SDh7jQTLPnY2xvN
loadtest-t1-normal-20260811-120@loadtest.invalid,mk3g1CqId5Qn0H8D6ELD9F
loadtest-t1-normal-20260811-121@loadtest.invalid,gUcEtoBf3o5VAUx8gLgzhJ
loadtest-t1-normal-20260811-122@loadtest.invalid,mhmqtoqHOsbVPm0Y7rEGwL
loadtest-t1-normal-20260811-123@loadtest.invalid,U5pCEyq0mSRXrPlYm61Dmp
loadtest-t1-normal-20260811-124@loadtest.invalid,fiPrzbLbzHfA21aaqGKSJF
loadtest-t1-normal-20260811-125@loadtest.invalid,klTGPgcabFPeJtFTbJQzI6
loadtest-t1-normal-20260811-126@loadtest.invalid,j4f9tFHyJl5258S7SOmx1G
loadtest-t1-normal-20260811-127@loadtest.invalid,TWPL4eQWcfXVbgrkV3qtjb
loadtest-t1-normal-20260811-128@loadtest.invalid,CNDe1Sw8OrNJoRHSzpsm3P
loadtest-t1-normal-20260811-129@loadtest.invalid,ZGrvVLhRRx76zkbVMfGaFD
loadtest-t1-normal-20260811-130@loadtest.invalid,Xc6K1hatU3HvXTp80auCrH
loadtest-t1-normal-20260811-131@loadtest.invalid,94fcadzNOm80WwTdlHlARy
loadtest-t1-normal-20260811-132@loadtest.invalid,ZQ7QKoieweYSe5NT8JGgbX
loadtest-t1-normal-20260811-133@loadtest.invalid,gyE8KvQHFeS4lZYMpyRoLb
loadtest-t1-normal-20260811-134@loadtest.invalid,NujDXQSoqrJDrDCJuKbTQm
loadtest-t1-normal-20260811-135@loadtest.invalid,VUDiueaHZy4fiu9tQ9gmN2
loadtest-t1-normal-20260811-136@loadtest.invalid,0KSGXEn2rnqN15Fq8OSVdt
loadtest-t1-normal-20260811-137@loadtest.invalid,OzY22vUJMjif4s1FDlx42p
loadtest-t1-normal-20260811-138@loadtest.invalid,oaMMP8iQOhZI4XnpdSftEI
loadtest-t1-normal-20260811-139@loadtest.invalid,Pkt3jfgi6YeIrqoi3OK0gF
loadtest-t1-normal-20260811-140@loadtest.invalid,rDoPEmLYclFTTluxhDJdZZ
loadtest-t1-normal-20260811-141@loadtest.invalid,bgfrUgCsS4SaY24eCFrBcr
loadtest-t1-normal-20260811-142@loadtest.invalid,hg1El8x2HrMd9Ge79fGtYj
loadtest-t1-normal-20260811-143@loadtest.invalid,YKAkoY2GEIlJ8n6EvDBgS9
loadtest-t1-normal-20260811-144@loadtest.invalid,ZPj77ysgh7p3qldHG0T9Nx
loadtest-t1-normal-20260811-145@loadtest.invalid,2cYqRtsA0578T3aBOnmN8d
loadtest-t1-normal-20260811-146@loadtest.invalid,SPTpxHtoa6iEMVdmq6W60C
loadtest-t1-normal-20260811-147@loadtest.invalid,szboznjr72qODV6iEJmylU
loadtest-t1-normal-20260811-148@loadtest.invalid,oOPjPe95WVERZSOBmLRdJY
loadtest-t1-normal-20260811-149@loadtest.invalid,rn9FPhMXV8lhxfkyVbowNw
loadtest-t1-normal-20260811-150@loadtest.invalid,3lw7fuelSTSWlOV3f8NYqt
loadtest-t1-normal-20260811-151@loadtest.invalid,MEIJybume5H6vGRCr6Pfkz
loadtest-t1-normal-20260811-152@loadtest.invalid,pKawX7fcA53yROegb5gkUK
loadtest-t1-normal-20260811-153@loadtest.invalid,hLAdZiwMJLtfS2jCW8Emj0
loadtest-t1-normal-20260811-154@loadtest.invalid,3CQmkhN0MxrmvuDHl8YB56
loadtest-t1-normal-20260811-155@loadtest.invalid,UemIS2jcYsxtBHftLQ7XTR
loadtest-t1-normal-20260811-156@loadtest.invalid,vCRFGJ66La0Iwn1kOIRyUD
loadtest-t1-normal-20260811-157@loadtest.invalid,w3WIbBtOxykwzxqAbDzqkz
loadtest-t1-normal-20260811-158@loadtest.invalid,sqjfLkURjV6jXwFyk9nFgj
loadtest-t1-normal-20260811-159@loadtest.invalid,tzxGVCvRnT2528Cy4BXke1
loadtest-t1-normal-20260811-160@loadtest.invalid,LVcKsUxVm5DjlQJt729dXC
loadtest-t1-normal-20260811-161@loadtest.invalid,NICRK35DHo4zUsjHM1pRWT
loadtest-t1-normal-20260811-162@loadtest.invalid,INOKnJkK307TQBZiD5R93I
loadtest-t1-normal-20260811-163@loadtest.invalid,jGBjCKulczl0cpCkoKBkn4
loadtest-t1-normal-20260811-164@loadtest.invalid,DQuBK1pncQybIJmHpAiVlD
loadtest-t1-normal-20260811-165@loadtest.invalid,4DK7oitkBU5Swd4swdjVLf
loadtest-t1-normal-20260811-166@loadtest.invalid,amxSGbwEnV8ZNl7qeFNdvv
loadtest-t1-normal-20260811-167@loadtest.invalid,jAoSYP6ubcHmKr0EomRqIV
loadtest-t1-normal-20260811-168@loadtest.invalid,G5mS6fbobHyAAMWWVZhvE2
loadtest-t1-normal-20260811-169@loadtest.invalid,ko21rpW2Wy0zNhUU780Fmy
loadtest-t1-normal-20260811-170@loadtest.invalid,zW2KrdnvKEaNYdJ7ikQMdH
loadtest-t1-normal-20260811-171@loadtest.invalid,PzWeKA4qMr1h8Yhdxa3trn
loadtest-t1-normal-20260811-172@loadtest.invalid,jLyCXXsSrR7GTIV4GUDIEj
loadtest-t1-normal-20260811-173@loadtest.invalid,z78CMgxYuBPr9BbXJPXxC5
loadtest-t1-normal-20260811-174@loadtest.invalid,uOp28DwTjgVl3O9hHNYWAN
loadtest-t1-normal-20260811-175@loadtest.invalid,U3YhxUedscIQXWuRinVyBo
loadtest-t1-normal-20260811-176@loadtest.invalid,32E8WaITsfzq1dAQxlGfrT
loadtest-t1-normal-20260811-177@loadtest.invalid,Z58kvmWZ3tgNyxeuyxT0sI
loadtest-t1-normal-20260811-178@loadtest.invalid,4u0fk2BAzTi9w1gl6nwueR
loadtest-t1-normal-20260811-179@loadtest.invalid,A30n1erigu5EEMuhT7Gyvu
loadtest-t1-normal-20260811-180@loadtest.invalid,Ig2ovAXaHBXqbh7SWW2a4G
loadtest-t1-normal-20260811-181@loadtest.invalid,OlSSkZnPA90xw88Y54tI6V
loadtest-t1-normal-20260811-182@loadtest.invalid,vLk1QMRVurQsnYAiyKSuOG
loadtest-t1-normal-20260811-183@loadtest.invalid,FwtWxp9JCVxITESMa9I2ZS
loadtest-t1-normal-20260811-184@loadtest.invalid,sutVdfTGgkL3F6Qv70Kh7Q
loadtest-t1-normal-20260811-185@loadtest.invalid,EzlBoqw7FRtEo6Arp159Nj
loadtest-t1-normal-20260811-186@loadtest.invalid,VgoVFgKnzsAFDaFs012Doc
loadtest-t1-normal-20260811-187@loadtest.invalid,S3fgnfgQ6AmEoQVyLd1EiV
loadtest-t1-normal-20260811-188@loadtest.invalid,zIiNKuLEvooQmX4fCGJqlS
loadtest-t1-normal-20260811-189@loadtest.invalid,6cuISmWZjPUYBcpNYgFeKm
loadtest-t1-normal-20260811-190@loadtest.invalid,wUd5ZMJZ1wxWmUiIVxzaxd
loadtest-t1-normal-20260811-191@loadtest.invalid,om6nCDRcjmZ0myZUW2eqqA
loadtest-t1-normal-20260811-192@loadtest.invalid,OSYvgyFpTD0OukR3Vr7Gb6
loadtest-t1-normal-20260811-193@loadtest.invalid,4rPUmx2Dx7rlPBq5u4FzB5
loadtest-t1-normal-20260811-194@loadtest.invalid,3Ayv3n3nYrlteHhVXyqMSJ
loadtest-t1-normal-20260811-195@loadtest.invalid,Z6Eae2RN05sl1iq9ATZQRY
loadtest-t1-normal-20260811-196@loadtest.invalid,CWxmYS5Xi21V33zVN5ZYgK
loadtest-t1-normal-20260811-197@loadtest.invalid,PTgVFCYgvM0VrbMVAlmGXW
loadtest-t1-normal-20260811-198@loadtest.invalid,CglyhX5yntx8Ux0CFFUR8A
loadtest-t1-normal-20260811-199@loadtest.invalid,YznAgO1klwFHWZTbZhcE3o
loadtest-t1-normal-20260811-200@loadtest.invalid,sYtvFrm8QR3DgAVoXFiqBp
loadtest-t1-normal-20260811-201@loadtest.invalid,GEgnFiUMu2Rd3pmUmKVMUi
loadtest-t1-normal-20260811-202@loadtest.invalid,xGtfNQtneocLgLdIWd8PBA
loadtest-t1-normal-20260811-203@loadtest.invalid,xJ9IqiDVG3A8Xu2HqCWFGQ
loadtest-t1-normal-20260811-204@loadtest.invalid,gddSt2tOYdKn7yO2V4YtSG
loadtest-t1-normal-20260811-205@loadtest.invalid,x037u5IkGNX28JoWy2JdPC
loadtest-t1-normal-20260811-206@loadtest.invalid,CFEMwnN4DCjz9vJwhGrPOW
loadtest-t1-normal-20260811-207@loadtest.invalid,dqpr8qxUjtfYTyggQEvHMy
loadtest-t1-normal-20260811-208@loadtest.invalid,3t1MO2Wk310CVFZyuuEGty
loadtest-t1-normal-20260811-209@loadtest.invalid,jY1OdUJ3NTwmAETVu8Kdid
loadtest-t1-normal-20260811-210@loadtest.invalid,o7VWIVLqwwrnJByvQAi4Gt
loadtest-t1-normal-20260811-211@loadtest.invalid,mP32GqxLoENuOUXtoyOi9M
loadtest-t1-normal-20260811-212@loadtest.invalid,XEYoDWmcImFoceDPbLoQVE
loadtest-t1-normal-20260811-213@loadtest.invalid,0EU3l08w4LRB5iP4nlOs58
loadtest-t1-normal-20260811-214@loadtest.invalid,7qGT14MffAjEnuKAiHM7V2
loadtest-t1-normal-20260811-215@loadtest.invalid,lYtHiXP2hROz68XhDBObma
loadtest-t1-normal-20260811-216@loadtest.invalid,8MWc1DVymAfXwOpSFayZxa
loadtest-t1-normal-20260811-217@loadtest.invalid,wcGSvsY7GiGdZfZujx1J0D
loadtest-t1-normal-20260811-218@loadtest.invalid,li1YNvcn4tVGwi3BTFikNA
loadtest-t1-normal-20260811-219@loadtest.invalid,krcKDuu7SwJY9s5pbvPGVY
loadtest-t1-normal-20260811-220@loadtest.invalid,hHWU7cvAcoh2KMs5H9Ja5s
loadtest-t1-normal-20260811-221@loadtest.invalid,gOeN7syV31TjxNDNLI3xY5
loadtest-t1-normal-20260811-222@loadtest.invalid,yVneEpJrPmzqQlM9zvB2Zn
loadtest-t1-normal-20260811-223@loadtest.invalid,yyyn4q7iN39Wpm3FAOhIIm
loadtest-t1-normal-20260811-224@loadtest.invalid,rCmK8F0ws6NxWNtFo0AbCZ
loadtest-t1-normal-20260811-225@loadtest.invalid,HSfi11g5Dw3UsoF6gJi5FB
loadtest-t1-normal-20260811-226@loadtest.invalid,5EGsmhwkq9eR75SHvrSagA
loadtest-t1-normal-20260811-227@loadtest.invalid,UA9Fwhk87HvFmGkS2hNVg1
loadtest-t1-normal-20260811-228@loadtest.invalid,RsehrzN8GlTBSO7CJWii7H
loadtest-t1-normal-20260811-229@loadtest.invalid,311wulGNiWlhCVlt3uENTZ
loadtest-t1-normal-20260811-230@loadtest.invalid,mGkeK1Y4S5tnQgCFmZQtZi
loadtest-t1-normal-20260811-231@loadtest.invalid,6Wbd5qejA5NpaeXI0HZS89
loadtest-t1-normal-20260811-232@loadtest.invalid,rFJoPJCM6nBtR54seKNujT
loadtest-t1-normal-20260811-233@loadtest.invalid,S0X0gCLSOJUByDZH6qnRkm
loadtest-t1-normal-20260811-234@loadtest.invalid,KmpFsN2hQGj1GWxNTbCd27
loadtest-t1-normal-20260811-235@loadtest.invalid,sUVCdyxAlayAoyGqF8cyta
loadtest-t1-normal-20260811-236@loadtest.invalid,cLXUNGWewX7moPtDDi02Wr
loadtest-t1-normal-20260811-237@loadtest.invalid,rmZFYy1ec5yyyVNmQ5eFaK
loadtest-t1-normal-20260811-238@loadtest.invalid,iUvkoGsyQaa6V6ljMmdGdW
loadtest-t1-normal-20260811-239@loadtest.invalid,IIMO5JOeWdRVc3NOsHzVoJ
loadtest-t1-normal-20260811-240@loadtest.invalid,Q2DgQAHsGbuWObkJbvfXwK
loadtest-t1-normal-20260811-241@loadtest.invalid,98sBJTe2aqKpwRoBUB5NZ8
loadtest-t1-normal-20260811-242@loadtest.invalid,lQLwTTakWzR0bLNLRT5C1l
loadtest-t1-normal-20260811-243@loadtest.invalid,PQZuWjU9xJxSPKXSOetGqp
loadtest-t1-normal-20260811-244@loadtest.invalid,ju7aJoOXmXQKuSj2gjCKZf
loadtest-t1-normal-20260811-245@loadtest.invalid,RrDe3H64s6AoavGRI3WQSd
loadtest-t1-normal-20260811-246@loadtest.invalid,BrubZyp29YXqdfshbT0hiG
loadtest-t1-normal-20260811-247@loadtest.invalid,m86NDcOs9nXUQp0FfMOx4N
loadtest-t1-normal-20260811-248@loadtest.invalid,bhPfss697eOhDA6HiHg5X5
loadtest-t1-normal-20260811-249@loadtest.invalid,VBNDoJJRONqSpiJQlKTaRT
loadtest-t1-normal-20260811-250@loadtest.invalid,OukIzxpnrYcZmelCnpCmr7
loadtest-t1-normal-20260811-251@loadtest.invalid,f76GovT4gAXYkuVPhIHzEs
loadtest-t1-normal-20260811-252@loadtest.invalid,Dair3Pfgjbgj4rtcs6Jny3
loadtest-t1-normal-20260811-253@loadtest.invalid,8Bhx0cHLgcewK02V9jDE5T
loadtest-t1-normal-20260811-254@loadtest.invalid,AnWWEmwDiafXvJKLYIyDrk
loadtest-t1-normal-20260811-255@loadtest.invalid,EEIMREONfNWy6PFfuopJMv
loadtest-t1-normal-20260811-256@loadtest.invalid,9O6e3JIJQqpxjofIwyVFy6
loadtest-t1-normal-20260811-257@loadtest.invalid,qeVxOofO89MtkGKnEc99hH
loadtest-t1-normal-20260811-258@loadtest.invalid,gcc04EG7fo5D191720GGkt
loadtest-t1-normal-20260811-259@loadtest.invalid,Cx3NX9xwrojH3Y6T3rfbZD
loadtest-t1-normal-20260811-260@loadtest.invalid,B8HoTXVvtAE4oATz92aQ23
loadtest-t1-normal-20260811-261@loadtest.invalid,B8rKc4JXXfVyUFRrFbFzbO
loadtest-t1-normal-20260811-262@loadtest.invalid,Rdsn0jFF1tLcjMOYujGzdt
loadtest-t1-normal-20260811-263@loadtest.invalid,dJQiJFKyuxoZScvQ80qSjP
loadtest-t1-normal-20260811-264@loadtest.invalid,oahBRwpSjbLQscqQKRfvlE
loadtest-t1-normal-20260811-265@loadtest.invalid,tiFhf1doUqsyd4xWni08wU
loadtest-t1-normal-20260811-266@loadtest.invalid,0D9CeSorAs9S58iFNqq2Yd
loadtest-t1-normal-20260811-267@loadtest.invalid,pTNUWeaEtad4wPRJ7e4KKn
loadtest-t1-normal-20260811-268@loadtest.invalid,QPoTBblgVPZkfYuoyHa5nO
loadtest-t1-normal-20260811-269@loadtest.invalid,Io29CDYXMDYYmilkqmTL66
loadtest-t1-normal-20260811-270@loadtest.invalid,jSYF0zZcjVplb4sFeq6aw5
loadtest-t1-normal-20260811-271@loadtest.invalid,WOwDxOV5O9avBuKtsXT556
loadtest-t1-normal-20260811-272@loadtest.invalid,oCaVNh9yZH1Ed2qqhnTbBc
loadtest-t1-normal-20260811-273@loadtest.invalid,LFzcYNBKsAj5GANQYdXEGi
loadtest-t1-normal-20260811-274@loadtest.invalid,bPzsjcmdjSBNo0y9ePWWqY
loadtest-t1-normal-20260811-275@loadtest.invalid,6HQecnF6fLXpxjqGmKk2L9
loadtest-t1-normal-20260811-276@loadtest.invalid,boZWDlEstAv9Eg0nj37P5z
loadtest-t1-normal-20260811-277@loadtest.invalid,RDavH7QA83vhVwtTXA6ik4
loadtest-t1-normal-20260811-278@loadtest.invalid,bb0TL6piPLbVlMyCQQjPY2
loadtest-t1-normal-20260811-279@loadtest.invalid,qIdyGpur7GqHV2gnxB8mMp
loadtest-t1-normal-20260811-280@loadtest.invalid,pjMuiT9dCLBdrX9j57nP2V
loadtest-t1-normal-20260811-281@loadtest.invalid,g2ekFoZfsHdxdUViVdcW9e
loadtest-t1-normal-20260811-282@loadtest.invalid,nc97RckzAqmiOdko2rZROJ
loadtest-t1-normal-20260811-283@loadtest.invalid,2tBDldrWd9ixb63zEHahjT
loadtest-t1-normal-20260811-284@loadtest.invalid,I8SA3Hu3mJlcGN7aMgFdZw
loadtest-t1-normal-20260811-285@loadtest.invalid,c2px7swxEfGheWLiGXd15I
loadtest-t1-normal-20260811-286@loadtest.invalid,v5UiRBtK2Sh5JlTCaP0xeF
loadtest-t1-normal-20260811-287@loadtest.invalid,vYgsLUQSsX7SuvPQpjLSmG
loadtest-t1-normal-20260811-288@loadtest.invalid,lbVeLXfLUqBae6ReZAlw7f
loadtest-t1-normal-20260811-289@loadtest.invalid,aurSl6DUGeS22RjoNT9ikI
loadtest-t1-normal-20260811-290@loadtest.invalid,58DHFIZE5dmKOzIo2BgoAf
loadtest-t1-normal-20260811-291@loadtest.invalid,iMEHjg55AQZ1GJ6Zgh4B2f
loadtest-t1-normal-20260811-292@loadtest.invalid,qhY0CUGKrU9EPrlyPCBSZX
loadtest-t1-normal-20260811-293@loadtest.invalid,pI7KRvIWZCjOezlnbHjA6a
loadtest-t1-normal-20260811-294@loadtest.invalid,b0TsQDAZG37NXPqHLbu3DM
loadtest-t1-normal-20260811-295@loadtest.invalid,yfgChNXoSKM0jd8dY6ctFH
loadtest-t1-normal-20260811-296@loadtest.invalid,EQN07iaTkurXAQ0kqdV8s8
loadtest-t1-normal-20260811-297@loadtest.invalid,HAAuu81ysdevPnBCST5SjT
loadtest-t1-normal-20260811-298@loadtest.invalid,3O9iE4nHZR6jO7GCQICUKG
loadtest-t1-normal-20260811-299@loadtest.invalid,961H62e4vqhocPdMR79uqz
loadtest-t1-normal-20260811-300@loadtest.invalid,lPuLmwFtvS3dRGdgG53Usx
loadtest-t1-normal-20260811-301@loadtest.invalid,wGxy8cIrNWNjK79wolytjw
loadtest-t1-normal-20260811-302@loadtest.invalid,ziyws7QyEeXQxo1BJdplR6
loadtest-t1-normal-20260811-303@loadtest.invalid,Cl1KWRXAc28IDFgTjp8ced
loadtest-t1-normal-20260811-304@loadtest.invalid,JB54yH6yPcXmyUlgcfXkGx
loadtest-t1-normal-20260811-305@loadtest.invalid,ELz2MxxeUtuxLRSq2bYSS7
loadtest-t1-normal-20260811-306@loadtest.invalid,UzpfcsXzWLqcFiRce8jVfJ
loadtest-t1-normal-20260811-307@loadtest.invalid,1k0R4lfZrkizHsDpMKf91L
loadtest-t1-normal-20260811-308@loadtest.invalid,RyvcPXxykHkrj8qQTIjeBd
loadtest-t1-normal-20260811-309@loadtest.invalid,mlnsDzVK0NZcBJ0okHvkI7
loadtest-t1-normal-20260811-310@loadtest.invalid,u0S6hQCgRUOo059OVJg4Hm
loadtest-t1-normal-20260811-311@loadtest.invalid,pMr34ZfSIMNz7qqxnf8Lar
loadtest-t1-normal-20260811-312@loadtest.invalid,WGW9Wp7EHVHbhQPm8XeSb8
loadtest-t1-normal-20260811-313@loadtest.invalid,KC0B0olk9coIj5mBuY6VnP
loadtest-t1-normal-20260811-314@loadtest.invalid,hEP0JYRmTSbAx677i5mnOv
loadtest-t1-normal-20260811-315@loadtest.invalid,xTcyP3qi90xXQaq52gFA4l
loadtest-t1-normal-20260811-316@loadtest.invalid,HCRkW5dg3E4WteTTxeird2
loadtest-t1-normal-20260811-317@loadtest.invalid,veNjxqiMsjnfvSFd5laiq7
loadtest-t1-normal-20260811-318@loadtest.invalid,FGy9B6kUxGafnyJw2mzjrl
loadtest-t1-normal-20260811-319@loadtest.invalid,WDpZCBVEdf0QVf53WSBm6U
loadtest-t1-normal-20260811-320@loadtest.invalid,MnQxUCtiGVd4sHlZmKwhuq
loadtest-t1-normal-20260811-321@loadtest.invalid,glz5DIMO0OOvbrgtIJ9Crc
loadtest-t1-normal-20260811-322@loadtest.invalid,UEgf0KYwDy8ZBOz2axSRL3
loadtest-t1-normal-20260811-323@loadtest.invalid,b7mi0LHye6ugRcdVL0KUkb
loadtest-t1-normal-20260811-324@loadtest.invalid,3q1A7PRVlHh6OTl4QMOjhL
